Modelos,Accuracy,Precision,Recall,AUC
CNN,0.9544,0.9547930897160397,0.9544,0.9986011029751655
BNN Global,0.9536,0.9562034093270897,0.9536,0.998890451840404
BNN Valid,0.9680073126142597,0.9686925240689039,0.9680073126142597,0.998890451840404
BNN Invalid,0.032467532467532464,0.0010541406645302748,0.032467532467532464,0.9181553153185185
DT,0.706,0.721806,0.705026,0.836204
RF,0.8859,0.888212,0.885034,0.98983
